{"cameraMode":{"drawMode":0,"name":"Shaded","section":"Shading Mode"},"sceneLighting":true,"audioPlay":false,"sceneViewState":{"m_AlwaysRefresh":false,"showFog":true,"showSkybox":true,"showFlares":true,"showImageEffects":true,"showParticleSystems":true,"showVisualEffectGraphs":true,"m_FxEnabled":true},"in2DMode":false,"pivot":{"x":6.90833044052124,"y":-10.470097541809082,"z":-46.702667236328128},"rotation":{"x":0.5176584720611572,"y":-0.0035261965822428467,"z":0.0019402912585064769,"w":0.8556948304176331},"size":14.778901100158692,"orthographic":false}