{"cameraMode":{"drawMode":0,"name":"Shaded","section":"Shading Mode"},"sceneLighting":false,"audioPlay":false,"sceneViewState":{"m_AlwaysRefresh":false,"showFog":true,"showSkybox":false,"showFlares":true,"showImageEffects":true,"showParticleSystems":true,"showVisualEffectGraphs":true,"m_FxEnabled":true},"in2DMode":false,"pivot":{"x":0.18968898057937623,"y":0.12996098399162293,"z":-0.20396572351455689},"rotation":{"x":-0.07068938761949539,"y":-0.8225195407867432,"z":0.10483823716640473,"w":-0.5545456409454346},"size":0.4606466591358185,"orthographic":false}