{"cameraMode":{"drawMode":0,"name":"Shaded","section":"Shading Mode"},"sceneLighting":true,"audioPlay":false,"sceneViewState":{"m_AlwaysRefresh":false,"showFog":true,"showSkybox":true,"showFlares":true,"showImageEffects":true,"showParticleSystems":true,"showVisualEffectGraphs":true,"m_FxEnabled":true},"in2DMode":false,"pivot":{"x":-60.430442810058597,"y":-49.738380432128909,"z":-11.950821876525879},"rotation":{"x":-0.22054673731327058,"y":0.7297877073287964,"z":-0.27469584345817568,"w":-0.5859375596046448},"size":31.039804458618165,"orthographic":true}