{"cameraMode":{"drawMode":0,"name":"Shaded","section":"Shading Mode"},"sceneLighting":false,"audioPlay":false,"sceneViewState":{"m_AlwaysRefresh":false,"showFog":true,"showSkybox":false,"showFlares":true,"showImageEffects":true,"showParticleSystems":true,"showVisualEffectGraphs":true,"m_FxEnabled":true},"in2DMode":false,"pivot":{"x":-0.21894735097885133,"y":0.35066282749176028,"z":0.22027850151062013},"rotation":{"x":0.03410720080137253,"y":0.9655743837356567,"z":-0.1707509607076645,"w":0.19386768341064454},"size":1.3609758615493775,"orthographic":false}